,Unnamed: 0,emotion,headline,url
0,2164,surprise,Look ... Falling,https://www.newsmax.com/finance/seanhyman/new-zealand-dollar/2008/08/01/id/324766/
40,183,neutral,Rep. ... Probe,https://www.newsmax.com/politics/jim-himes-russia-investigation-probe/2018/01/03/id/834932/
80,10030,fear,Do ... Men?,https://www.newsmax.com/fastfeatures/men-prostate-cycling-health-precautions/2015/03/19/id/631137/
120,5611,neutral,RGA ... Walker,https://www.newsmax.com/politics/scott-walker-mary-burke-wisconsin-2014-elections/2014/02/13/id/552533/
160,4845,fear,Antarctic ... Recalculation,https://www.newsmax.com/thewire/antarctic-melt-climate-change/2016/03/31/id/721589/
200,4369,neutral,Japan's ... Manipulation,https://www.newsmax.com/finance/streettalk/japan-abe-trump-monetary/2017/02/14/id/773651/
240,20495,neutral,Cop ... Teeth,https://www.newsmax.com/thewire/cop-shoots-partner-dog/2013/07/12/id/514781/
280,33014,anger,SAfrica ... Diamonds,https://www.newsmax.com/world/africa/safrica-diamonds-smuggler-nabbed/2012/11/14/id/464065/
320,14148,fear,ECB's ... Fears,https://www.newsmax.com/finance/headline/eu-europe-financial-crisis/2010/05/14/id/359026/
360,24885,neutral,Huntsman: ... 'Fringes',https://www.newsmax.com/insidecover/huntsman-2012/2011/08/21/id/408060/
400,11736,neutral,In ... school,https://www.nbcnews.com/feature/nbc-out/indonesia-transgender-women-find-haven-islamic-boarding-school-n920631
440,33324,joy,'I ... Sea,https://www.nbcnews.com/news/us-news/i-got-really-lucky-makeshift-radio-saved-sailor-after-12-n265961
480,7115,neutral,Tax ... Says,https://www.nbcnews.com/business/taxes/tax-thieves-increasingly-sophisticated-irs-head-john-koskinen-says-n554766
520,267,fear,Presence ... Visit,https://www1.cbn.com/cbnnews/world/2015/February/Presence-of-God-Strong-During-Saeeds-Prison-Visit
560,15212,neutral,Russian ... Report,https://www.cbsnews.com/news/russian-portal-yandex-to-do-us-ipo-seeking-15-2-billion-report/
600,8476,disgust,High ... Steroids,https://www.cbsnews.com/news/high-schoolers-unknowingly-taking-steroids/
640,21185,anger,Licorice: ... it,https://www.cbsnews.com/news/licorice-love-it-or-hate-it/
680,4271,neutral,Do ... naps?,https://www.cbsnews.com/news/do-preschoolers-still-need-naps/
720,13221,joy,Bonnaroo ... West,https://www.cbsnews.com/news/bonnaroo-2014-boasts-performances-by-elton-john-kanye-west/
760,4527,neutral,No. ... election,https://www.cbsnews.com/news/no-2-senate-republican-weighs-in-on-potential-scotus-hearing-2016/
800,4804,neutral,Election ... Team,https://www.cbsnews.com/news/election-stings-blairs-team/
840,25668,disgust,Assad ... gangrene,https://www.cbsnews.com/news/assad-refutes-butcher-accusation-im-like-a-doctor-who-cuts-the-leg-to-prevent-gangrene/
880,3603,joy,The ... It,https://www.cbsnews.com/news/the-jokes-on-you-8212-enjoy-it/
920,30030,neutral,Colombia: ... nabbed,https://www.cbsnews.com/news/colombia-our-last-big-drug-lord-daniel-loco-barrera-nabbed/
960,33175,fear,When ... war,https://www.cbsnews.com/news/when-the-us-was-on-the-brink-of-nuclear-war/
1000,41517,anger,Democrats ... Care,https://www.cbsnews.com/news/democrats-press-gop-lawmakers-to-turn-down-government-health-care/
1040,391,neutral,112th ... Horizon?,https://www.cbsnews.com/news/112th-congress-begins-gridlock-on-horizon/
1080,10128,neutral,Calif. ... Weds,https://www.cbsnews.com/news/calif-assembly-oks-same-sex-weds/
1120,13320,neutral,Mizuho ... Time,https://www.wsj.com/articles/SB120790131939307661
1160,42335,neutral,CBO ... Reform,https://www.wsj.com/articles/SB10001424052748703573604574491690229571588
1200,25875,sadness,Publicis ... Guidance,https://www.wsj.com/articles/publicis-groupe-cuts-organic-revenue-guidance-11570735262?tesla=y
1240,4179,sadness,U.S. ... 2017,https://www.wsj.com/articles/u-s-household-debt-up-193-billion-to-13-15-trillion-to-end-2017-1518537600?tesla=y
1280,38889,neutral,EMC ... Lead,https://www.wsj.com/articles/SB1005800868447339280
1320,12400,neutral,Myanmar’s ... Photos,https://www.wsj.com/articles/myanmars-stateless-muslims-struggle-to-find-a-home-photos-1427074589?tesla=y
1360,54168,sadness,Post ... Soggy,https://www.wsj.com/articles/post-shares-are-looking-soggy-ahead-of-the-tape-1416775277?tesla=y
1400,39299,joy,Stylewatching ... Soiree,https://www.wsj.com/articles/stylewatching-at-mr-porters-east-hampton-soiree-1408139757?tesla=y
1440,41685,neutral,Dollar ... On,https://www.wsj.com/articles/SB974900230979622571
1480,30250,neutral,CMO ... Win,https://www.wsj.com/articles/cmo-today-democratic-convention-tips-off-with-ratings-win-1469620200?tesla=y
1520,37244,sadness,"Europe, ... Says",https://www.wsj.com/articles/SB103774204080448748
1560,32478,neutral,Containers ... Promise,https://www.wsj.com/articles/SB106799454988159800
1600,19694,neutral,Secret ... House,https://www.wsj.com/articles/secret-service-has-no-audio-recordings-or-transcripts-made-in-trump-white-house-1497291979?tesla=y
1640,7252,neutral,Taking ... Flight,https://www.wsj.com/articles/SB10001424127887324432004578302461513842442
1680,47875,neutral,Exit ... Goldman,https://www.wsj.com/articles/goldman-vice-chairman-to-retire-1382377689?tesla=y
1720,19050,neutral,She's ... Shoes,https://www.wsj.com/articles/SB118238895435242849
1760,5245,sadness,Impath ... Convicted,https://www.wsj.com/articles/SB114015120586376814
1800,29294,neutral,Vaccine ... Addiction,https://www.wsj.com/articles/SB10001424052702304830704577493021485868342
1840,27953,fear,Some ... Abroad,https://www.wsj.com/articles/SB109588088238825127
1880,27217,fear,Medvedev ... Euro,https://www.wsj.com/articles/SB10001424052748703650604575312961393600400
1920,11414,neutral,Asian ... Cautious,https://www.wsj.com/articles/SB10001424052748703909804575124422752172814
1960,47462,neutral,Asia ... Slide,https://www.wsj.com/articles/SB10001424053111903703604576587543564931886
2000,3913,neutral,Toronto ... Record,https://www.wsj.com/articles/SB110780511992847894
2040,4461,surprise,‘School ... Closing?,https://www.motherjones.com/crime-justice/2009/10/update-school-using-electric-shock/
2080,3024,neutral,How ... Ovation,https://www.motherjones.com/politics/2007/12/how-george-bush-could-win-standing-ovation-2/
2120,7793,neutral,Trump: ... DNC,https://www.dailywire.com/news/trump-reminder-only-evidence-russian-collusion-james-barrett/
2160,7905,fear,The ... Fear,https://www.huffpost.com/entry/the-politics-of-fear_b_112672
2200,1246,disgust,Ex-Teacher ... Student,https://www.huffpost.com/entry/ex-teacher-tad-cummins-sentenced-in-students-kidnapping_n_5c40cbdbe4b041e98ffbe064
2240,1533,neutral,10 ... Divorce,https://www.huffpost.com/entry/10-ways-to-help-cap-the-cost-of-divorce_b_6487688
2280,27791,neutral,The ... Things,https://www.huffpost.com/entry/the-order-of-things_b_6043028
2320,31059,anger,Syrian ... Withdrawal,https://www.huffpost.com/entry/syrian-rebels-shell-aleppo-withdrawal_n_585d1ddbe4b0de3a08f4f3c3
2360,2182,neutral,Your ... Mobility,https://www.huffpost.com/entry/your-willingness-to-defend-the-status-quo-depends-on-your-perception-of-social-mobility_n_58814464e4b070d8cad1a387
2400,2107,disgust,Will ... Iraq?,https://www.huffpost.com/entry/will-hill-kill-bill-for-l_b_74886
2440,9251,sadness,Chelsea ... Wishes,https://www.huffpost.com/entry/chelsea-clinton-sarah-pal_b_568933
2480,30045,neutral,Gift ... (PHOTOS),https://www.huffpost.com/entry/gift-guide-some-notes-on-napkins_n_1161251
2520,23640,sadness,Opinion: ... coming,https://www.usatoday.com/story/sports/nfl/2019/04/02/aaf-alliance-american-football-demise-should-be-ashamed/3345702002/
2560,78128,neutral,"Flowers, ... 86-79",https://www.usatoday.com/story/sports/ncaab/2019/11/16/flowers-mitchell-carry-hartford-past-gordon-college-86-79/40631369/
2600,71960,neutral,Duncan ... State,https://www.usatoday.com/story/sports/ncaaf/2018/09/22/duncan-leads-western-kentuckys-28-20-comeback-at-ball-state/37904953/
2640,88097,fear,Multiple ... says,https://www.usatoday.com/story/news/nation/2018/11/15/ntsb-recommendations-columbia-gas-massachusetts-explosions-pipelines-nisource/2015618002/
2680,66509,sadness,U2 ... voice,https://www.usatoday.com/story/life/music/2018/09/02/u-2-cancels-berlin-show-after-bono-loses-voice/1180316002/
2720,34405,surprise,Gay ... profound,https://www.usatoday.com/story/news/nation/2015/04/14/gay-marriage-court-briefs-wacky-profound/25762729/
2760,114815,joy,Fletcher ... Newcastle,https://www.usatoday.com/story/sports/soccer/2015/12/28/fletcher-heads-west-brom-to-victory-against-newcastle/77972330/
2800,89690,anger,Heat ... elections,https://www.usatoday.com/story/news/world/2014/10/23/ukraine-parliamentary-elections/17762053/
2840,52396,sadness,CC ... Yankees,https://www.usatoday.com/story/sports/mlb/yankees/2014/07/03/wheeler-debuts-for-yankees-sabathia-has-setback/12194597/
2880,75639,sadness,Mistakes ... Virginia,https://www.usatoday.com/story/sports/ncaaf/2014/09/13/mistakes-doom-cardinals-in-loss-at-virginia/15598669/
2920,78868,fear,White ... Eagles,https://www.usatoday.com/story/sports/nfl/2016/09/16/white-looking-to-build-on-shaky-debut-when-bears-meet-eagles/90517434/
2960,113600,neutral,Northwestern ... sideline,https://www.usatoday.com/story/sports/ftw/2016/12/28/northwestern-players-paid-homage-to-the-rockettes-during-their-bowl-game-in-new-york/95930470/
3000,101039,sadness,Need ... back,https://www.usatoday.com/story/news/nation-now/2016/11/18/need-reason-skip-thanksgiving-internet-has-your-back/94070638/
3040,13487,joy,Jordan ... Pro-Am,https://www.usatoday.com/story/sports/golf/2017/02/11/jason-day-catches-leaders-at-pebble-beach-with-8-under-64/97790014/
3080,45347,joy,Pujols ... 7-2,https://www.usatoday.com/story/sports/mlb/2017/06/04/pujols-hits-slam-for-600th-hr-leads-angels-past-twins-7-2/102483684/
3120,89082,surprise,Lin-Manuel ... amazing,https://www.usatoday.com/story/life/allthemoms/news/2017/11/06/lin-manuel-mirandas-son-sees-hamilton-twitter/34918907/
3160,43050,neutral,After ... skies,https://www.usatoday.com/story/college/2013/07/12/after-recent-plane-crashes-students-call-for-transparency-in-the-skies/37436673/
3200,36393,neutral,Early ... more,https://www.usatoday.com/story/popcandy/2013/06/10/early-buzz/2407393/
3240,10848,anger,Schultz ... video,https://apnews.com/31264bd330b841eabb3358ebd6f75556
3280,90218,neutral,Astria ... approval,https://apnews.com/c9bc90e42b36385f1644c377f9c4a2f2
3320,62517,neutral,"Gase, ... lead",https://apnews.com/86826795707f48f191ba5079970b1b4e
3360,26101,fear,Zverev ... defense,https://apnews.com/b32cce52d26f49d687229971a92b7f68
3400,8973,neutral,FBI ... Timeline,https://apnews.com/d143971442d54fb594e05bbffbc3f05b/FBI-Releases-New-Details-on-Porter-Timeline
3440,24126,fear,911 ... callers,https://apnews.com/45b8cb57f80048058c7f47dbf604334c
3480,2749,neutral,Monaco ... PSG,https://apnews.com/de498cf744074046accc18ae682d247d
3520,33321,sadness,Bow ... last,https://apnews.com/7b776fbe642c4670b472097c8e423ccc
3560,63414,neutral,Saldaña ... seat,https://apnews.com/475f4ac36c444be99e2dbb1cceae61e8
3600,67119,neutral,Miller’s ... Hawks,https://apnews.com/bead9e845b7b4f978c09fc31661b0f9d
3640,21823,sadness,Knicks’ ... surgery,https://apnews.com/b68b18ee89004054b081bcc33a2e9d5a
3680,1091,neutral,Chief ... law,https://www.theblaze.com/news/supreme-court-abortion-louisiana
3720,9964,sadness,Chicago ... Footage,https://www.theblaze.com/news/2016/08/27/chicago-rapper-shot-while-shooting-black-lives-matter-themed-music-video
3760,304,anger,Trump ... Interventionists,https://www.thenation.com/article/archive/trump-takes-a-running-whack-at-the-liberal-interventionists/
3800,22761,sadness,Kentucky ... killing,https://www.foxnews.com/us/kentucky-teen-sentenced-to-15-years-in-stepmothers-killing
3840,33136,disgust,Indiana ... children,https://www.foxnews.com/us/indiana-man-sentenced-to-100-years-for-molesting-children
3880,95011,neutral,Sofia ... post,https://www.foxnews.com/entertainment/sofia-vergara-recalls-her-teen-mom-days-in-throwback-instagram-post
3920,2040,disgust,Austria: ... hospital,https://www.foxnews.com/world/austria-woman-suspected-of-suffocating-baby-son-in-hospital
3960,1086,anger,What ... It,https://www.foxbusiness.com/markets/what-to-do-when-you-get-promoted-and-hate-it
4000,148917,anger,Suffering ... tracks,https://www.foxnews.com/health/suffering-from-self-destructive-food-cravings-stop-them-cold-in-their-tracks
4040,78329,fear,Woman ... park,https://www.foxnews.com/us/woman-struck-by-bullet-while-at-pennsylvania-amusement-park
4080,126384,neutral,Brian ... support,https://www.foxnews.com/entertainment/brian-austin-green-asks-megan-fox-for-spousal-support
4120,21989,neutral,Top-ranked ... Tigers,https://www.foxnews.com/sports/top-ranked-wildcats-take-on-tigers
4160,121478,neutral,2 ... Know,https://www.foxbusiness.com/markets/2-things-mcdonalds-dividend-stock-investors-need-to-know
4200,113563,sadness,Kings ... loss,https://www.foxnews.com/sports/kings-hand-bulls-first-road-loss
4240,29085,disgust,Judge ... murder,https://www.foxnews.com/us/judge-orders-release-of-calif-woman-who-served-32-years-for-forced-murder
4280,123241,sadness,UN ... extension,https://www.foxnews.com/world/un-envoy-asks-for-yemen-cease-fire-extension
4320,52751,neutral,Big ... Performance,https://www.foxbusiness.com/markets/big-drugmakers-were-key-to-juno-therapeutics-q1-performance
4360,26325,fear,Greece's ... hopes,https://www.foxnews.com/world/greeces-bailout-inspectors-in-athens-amid-debt-relief-hopes
4400,144095,surprise,Surging ... Jackets,https://www.foxnews.com/sports/surging-isles-take-on-surprising-blue-jackets
4440,21,anger,Officer ... prison,https://www.foxnews.com/world/officer-killed-inmates-escape-in-attack-on-bahrain-prison
4480,34661,joy,3 ... Healthcare,https://www.foxbusiness.com/markets/3-high-yield-investments-in-healthcare
4520,8250,sadness,'Twin ... 61,https://www.foxnews.com/entertainment/twin-peaks-ncis-los-angeles-actor-miguel-ferrer-dies-at-61
4560,51706,neutral,Trump ... Industries,https://www.foxbusiness.com/features/trump-tax-plan-sets-up-trade-offs-for-industries
4600,14492,sadness,Microsoft ... Choices,https://www.foxbusiness.com/markets/microsoft-fined-732m-by-eu-over-browser-choices
4640,1463,neutral,Alabama ... poll,https://www.foxnews.com/sports/alabama-claims-top-spot-in-final-ap-poll
4680,28360,sadness,Durable ... expectations,https://www.foxbusiness.com/features/durable-goods-orders-miss-expectations
4720,13630,joy,No. ... 12,https://www.foxnews.com/sports/no-1-baylor-women-beat-texas-tech-clinch-big-12
4760,111037,neutral,TRUCKS: ... Buescher,https://www.foxnews.com/sports/trucks-the-return-of-james-buescher
4800,38516,sadness,Calls ... reality,https://www.foxnews.com/us/calls-for-longer-school-years-face-budget-reality
4840,39899,neutral,Police ... pimp,https://www.foxnews.com/us/police-seek-possible-young-victims-of-alleged-pimp
4880,66582,fear,Must ... Iran?,https://www.foxnews.com/opinion/must-america-accept-a-nuclear-iran
4920,68466,neutral,Opinion: ... Much,https://www.foxnews.com/lifestyle/opinion-what-does-hispanic-heritage-month-mean-to-me-not-much
4960,125726,neutral,Iraq ... city,https://www.reuters.com/article/uk-iraq/iraq-army-tightens-grip-on-southern-city-idUKL1623966320080616
5000,148086,neutral,Colombia ... rescue,https://www.reuters.com/article/us-colombia-rebels/colombia-misused-red-cross-emblem-in-hostage-rescue-idUSN1643285220080717
5040,128776,sadness,Toronto ... data,https://www.reuters.com/article/markets-canada-stocks/toronto-stocks-set-to-fall-after-inflation-data-idUSN1933048620080619
5080,49358,neutral,Some ... pct,https://www.reuters.com/article/japan-aluminium/some-japan-q2-aluminium-premiums-rise-nearly-30-pct-idUST22054620080304
5120,271062,fear,Indian ... worry,https://www.reuters.com/article/india-stocks/indian-shares-fall-2-5-pct-on-earnings-worry-idUSBOM41817020081226
5160,136085,neutral,Microsoft ... $299,https://www.reuters.com/article/us-microsoft-xbox360/microsoft-reportedly-to-cut-price-of-xbox-360-to-299-idUSN3044366620080630
5200,182634,fear,Stocks ... spending,https://www.reuters.com/article/us-markets-stocks/stocks-tumble-as-dell-warns-on-tech-spending-idUSLC59987420080829
5240,55190,joy,TOPWRAP ... crisis,https://www.reuters.com/article/financial/topwrap-7-glimmers-of-hope-seen-amid-global-economic-crisis-idUSSP43795920090312
5280,166370,neutral,UPDATE ... shares,https://www.reuters.com/article/bat/update-4-bat-beats-earnings-forecasts-to-lift-shares-idUSLT69168420090730
5320,262406,neutral,Canadiens ... poll,https://www.reuters.com/article/us-nhl-canadiens-poll/canadiens-considered-greatest-hockey-team-poll-idUSTRE5B041720091201
5360,157655,neutral,Obama ... reform,https://www.reuters.com/article/us-usa-healthcare-obama-sb/obama-says-u-s-closer-than-ever-to-healthcare-reform-idUSTRE56K4S320090721
5400,18789,sadness,Flir ... fall,https://www.reuters.com/article/flir/flir-systems-loses-out-on-180-mln-us-navy-contract-shares-fall-idUSBNG41542020090127
5440,115244,neutral,Pentagon ... models,https://www.reuters.com/article/us-lockheed-helicopter/pentagon-eyes-two-presidential-helicopter-models-idUSTRE54J5O920090520
5480,279601,fear,UAE ... power,https://www.reuters.com/article/us-emirates-nuclear/uae-to-sell-nuclear-power-idUSTRE5BS2C120091229
5520,16556,joy,UN ... process,https://www.reuters.com/article/yemen-security-prisoners/un-envoy-says-yemen-prisoner-swap-would-help-peace-process-idUSL5N2002QB
5560,124980,sadness,Axel ... report,https://www.reuters.com/article/us-axel-springer-layoffs-kkr/axel-springer-plans-layoffs-after-kkr-becomes-biggest-shareholder-report-idUSKBN1W00MK
5600,51070,joy,Athletics ... Orioles,https://www.reuters.com/article/baseball-mlb-bal-oak/athletics-launch-five-homers-in-win-at-orioles-idUSMTZXEF4BRXCXNM
5640,36048,neutral,UPDATE ... CEO,https://www.reuters.com/article/uganda-mtn/update-1-south-africas-mtn-aims-to-expand-local-shareholding-of-its-ugandan-unit-to-20-pct-ceo-idUSL8N2110S3
5680,24995,surprise,BRIEF-Sanxiang ... Yuan,https://www.reuters.com/article/brief-sanxiang-impression-expects-2017-n/brief-sanxiang-impression-expects-2017-net-profit-to-fall-to-about-2730-mln-yuan-idUSH9N1PK016
5720,21685,neutral,"Copper, ... shortages",https://www.reuters.com/article/us-metals-base-poll/copper-aluminum-prices-to-drift-despite-shortages-idUSKBN1FE1TQ
5760,186402,neutral,Rising ... share,https://www.reuters.com/article/us-india-gold-imports/rising-gold-dore-imports-to-india-to-dent-banks-market-share-idUSKBN1KR0GY
5800,101050,neutral,Japan's ... business,https://www.reuters.com/article/us-crypto-currencies-japan-fsa/japans-fsa-orders-two-cryptocurrency-exchanges-to-halt-business-idUSKCN1HD0SX
5840,196796,neutral,OPEC's ... more,https://www.reuters.com/article/bosnia-opec-loans/opecs-fund-lends-bosnia-476-mln-euros-to-build-highway-pledges-more-idUSL8N1VL31U
5880,179843,neutral,Poland ... Court,https://www.reuters.com/article/us-eu-poland/poland-adopts-new-law-to-accelerate-changes-in-supreme-court-idUSKBN1KE2GR
5920,126823,neutral,MOVES-Markel ... underwriter,https://www.reuters.com/article/markel-international-moves-debbie-osulli/moves-markel-international-names-new-senior-yacht-underwriter-idUSL3N1S73MF
5960,29099,neutral,Bank ... unchanged,https://www.reuters.com/article/us-japan-economy-inflation-idUSKBN0MS5L120150402
6000,90589,neutral,Spanish ... poll,https://www.reuters.com/article/us-spain-election-poll-idUSKCN0S50F220151011
6040,21581,fear,USOC ... bid,https://www.reuters.com/article/us-olympics-boston-idUSKBN0M92KL20150313
6080,78325,neutral,Puig ... Diamondbacks,https://www.reuters.com/article/bbo-diamondbacks-dodgers-writethru-idUSMTZEA4LCQTA2520140421
6120,39759,neutral,Discount ... persist,https://www.reuters.com/article/us-retail-discounters-analysis-idUSBREA1P0SN20140226
6160,179457,neutral,Ebola ... WHO,https://www.reuters.com/article/us-health-ebola-who-idUSKCN0HK0SV20140925
6200,41974,neutral,TABLE-Hong ... Dec,https://www.reuters.com/article/hongkong-yuan-idUSL3N0LX2SC20140228
6240,157106,neutral,South ... Leone,https://www.reuters.com/article/us-safrica-ebola-idUSKBN0GL1GY20140821
6280,101554,neutral,Toyota ... problem,https://www.reuters.com/article/us-toyota-recall-idUSBREA4M0HJ20140523
6320,143477,sadness,Steinmeier: ... Syria,https://www.reuters.com/article/us-mideast-crisis-syria-turkey-steinmeie-idUSKCN1181JW
6360,173249,joy,German ... sources,https://www.reuters.com/article/nordsee-sale-idUSL8N1CI1MN
6400,146829,joy,BRIEF-TCL's ... invest,https://www.reuters.com/article/idUSL3N1BO34R
6440,51120,surprise,BRIEF-Xiamen ... y/y,https://www.reuters.com/article/idUSL3N1713BD
6480,64518,neutral,UPDATE ... 26,https://www.reuters.com/article/britain-stocks-factors-idUSL3N17T29B
6520,71627,disgust,Pakistan's ... killing',https://www.reuters.com/article/us-pakistan-honourkillings-idUSKCN0XX1Q5
6560,255046,neutral,BRIEF-Geely ... 2017,https://www.reuters.com/article/brief-geely-automobile-holdings-updates/brief-geely-automobile-holdings-updates-on-sales-volume-for-august-2017-idUSFWN1LN02A
6600,214661,neutral,Senator ... statement,https://www.reuters.com/article/us-usa-congress-mccain-treatment/senator-mccain-returning-to-arizona-for-cancer-treatment-statement-idUSKBN1AD2FH
6640,185963,neutral,BRIEF-Wildhorse ... members,https://www.reuters.com/article/brief-wildhorse-resource-announces-elect-idUSASA09VSB
6680,241709,neutral,BRIEF-63 ... CEO,https://www.reuters.com/article/brief-63-moons-technologies-gets-shareho/brief-63-moons-technologies-gets-shareholders-nod-for-appointment-of-rajendran-soundaram-as-md-ceo-idUSFWN1L90A0
6720,185996,neutral,BRIEF-Fortress ... CFO,https://www.reuters.com/article/brief-fortress-biotech-appoints-robyn-hu-idUSFWN1JR0SK
6760,339129,fear,UPDATE ... rising,https://www.reuters.com/article/safrica-rates/update-2-south-africa-holds-repo-rate-says-inflation-risks-rising-idUSL8N1NT3LI
6800,181447,neutral,BRIEF-Specialty ... CFO,https://www.reuters.com/article/brief-specialty-fashion-group-names-cfo-idUSFWN1JM00A
6840,161022,neutral,Nationalist ... economy,https://www.reuters.com/article/us-finland-government-finnsparty-terho-idUSKBN18W27T
6880,169292,neutral,BRIEF-Ningbo ... 20,https://www.reuters.com/article/brief-ningbo-shenglong-automotive-powert-idUSL3N1JA273
6920,146595,neutral,BRIEF-RPMGlobal ... Systems,https://www.reuters.com/article/brief-rpmglobal-enters-software-license-idUSFWN1IM066
6960,142779,neutral,Jeff ... revolution,https://www.reuters.com/article/us-wapshott-publishing-idUSBRE9770V320130808
7000,76178,fear,Gazprom ... Ukraine,https://www.reuters.com/article/gazprom-ukraine-warning-idUSL6N0DB44S20130424
7040,40714,fear,WRAPUP ... crunch,https://www.reuters.com/article/canada-banks-idUSL1N0BSI5T20130228
7080,3670,neutral,New ... FRN,https://www.reuters.com/article/idUSL4N0AD6FZ20130108
7120,54215,neutral,UPDATE ... policies,https://www.reuters.com/article/blackrock-fink-idUSL3N0CC0ZQ20130320
7160,163955,neutral,Brown ... Iraq,https://www.reuters.com/article/idUSL28815223
7200,89356,neutral,Canadian ... derails,https://www.reuters.com/article/idUSWEN8031
7240,64821,sadness,EDAP ... HealthTronics,https://www.reuters.com/article/idUSIN20070412071315EDAP20070412
7280,136432,neutral,Pro-Pharamceutical ... bio-pharmaceutical,https://www.reuters.com/article/idUSIN20070723070020PRW20070723
7320,111158,neutral,Beverly ... sale,https://www.reuters.com/article/beverlyhillsbancorp/beverly-hills-bancorp-explores-possible-sale-idUSWEN875120070613
7360,240675,sadness,Battered ... FTSE,https://www.reuters.com/article/markets-britain-stocks/battered-banks-help-knock-1-pct-off-the-ftse-idUSL045588320071204
7400,92960,neutral,Bank ... Brokerage,https://www.reuters.com/article/idUSIN20070516092858BAC20070516
7440,61218,neutral,TABLE-Foreign ... return,https://www.reuters.com/article/markets-korea-stocks-foreign-idUSL3E8ER3M720120327
7480,290214,sadness,GLOBAL ... low,https://www.reuters.com/article/markets-global-idUSL1E8NQ35P20121226
7520,178093,neutral,Olympics-Women's ... results,https://www.reuters.com/article/oly-wres-wrw63k-idUSL6E8J8FS020120808
7560,195386,sadness,Seoul ... speech,https://www.reuters.com/article/markets-korea-stocks-idUSL4E8JU8AU20120830
7600,201332,neutral,TEXT-S&P ... Ltd.,https://www.reuters.com/article/idUSWLA292620120907
7640,190646,anger,Seoul ... patents,https://www.reuters.com/article/samsung-apple-court-idUSL4E8J93O420120824
7680,245236,neutral,China ... report,https://www.reuters.com/article/us-china-dividendtax-idUSBRE89S01620121029
7720,221998,neutral,Woolworths ... buyback,https://www.reuters.com/article/woolworths-idUSSDYALE6O120101010
7760,240841,neutral,TABLE-Nichiden ... forecast,https://www.reuters.com/article/idUST12K4SN9P20101101
7800,226634,neutral,CANADA ... speech,https://www.reuters.com/article/markets-canada-stocks-idUSTZOFLE67120101015
7840,137507,neutral,Micheel ... albatross,https://www.reuters.com/article/us-golf-open-albatross-idUSTRE65J2ZO20100620
7880,233384,neutral,Tokyo ... forecast,https://www.reuters.com/article/idUST252JE7K420101025
7920,116193,neutral,Spain ... future,https://www.reuters.com/article/economy-spain-welfare/spain-pm-says-cuts-needed-to-protect-welfare-future-idUSLDE64M07L20100523
7960,49482,sadness,Southern ... shut,https://www.reuters.com/article/utilities-operations-southern-vogtle/southern-ga-vogtle-2-reactor-shut-idUSN0816536620100308
8000,88655,fear,U.S. ... quarter,https://www.reuters.com/article/us-usa-industrials-results-idUSTRE73D53F20110414
8040,216292,sadness,Libyans ... government,https://www.reuters.com/article/libya-government-idUSL5E7KI0V120110918
8080,185941,joy,UPDATE ... rev,https://www.reuters.com/article/responsys-idUSL3E7J950220110809
8120,212185,neutral,UPDATE ... Fund,https://www.reuters.com/article/fidelity-magellan-idUSS1E78C0WC20110913
8160,160013,surprise,Saudi's ... forecast,https://www.reuters.com/article/sabb-earnings-idUSL6E7IC1QN20110712
8200,226316,sadness,Old ... Management,https://www.reuters.com/article/oldmutual-dwight-idUSS1E78T1M320110930
8240,258604,neutral,China ... Minister,https://www.reuters.com/article/us-china-economy-yuan-idUSTRE7A60F120111107
8280,90515,anger,Belgium ... bishop,https://www.reuters.com/article/us-belgium-catholic-abuse-idUSTRE73E2HY20110415
8320,55584,joy,'Life-changing' ... welcomed,https://www.bbc.com/news/uk-scotland-49673093
8360,32520,neutral,Sudan ... sentence,https://www.bbc.com/news/world-africa-48413574
8400,3266,fear,Call ... others,https://www.bbc.com/news/uk-wales-42622904
8440,17033,joy,Birmingham ... Harry,https://www.bbc.com/news/av/uk-england-birmingham-43330632/birmingham-crowd-welcomes-meghan-markle-and-prince-harry
8480,69171,joy,Elaine ... bid,https://www.bbc.com/news/uk-scotland-south-scotland-33959058
8520,86567,sadness,Lancashire ... offences,https://www.bbc.com/news/uk-england-lancashire-34556161
8560,91145,neutral,Falls ... operating,https://www.bbc.com/news/uk-northern-ireland-34696969
8600,65300,sadness,Daniel ... supply,https://www.bbc.com/news/uk-england-london-28365083
8640,107144,fear,Clutha ... away',https://www.bbc.com/news/av/uk-scotland-30254181/clutha-helicopter-crash-it-was-a-pint-away
8680,37024,fear,Barack ... trip,https://www.bbc.com/news/world-asia-36258866
8720,84317,fear,Handsworth ... attack,https://www.bbc.com/news/uk-england-birmingham-37800504
8760,32710,sadness,London ... collapse,https://www.bbc.com/news/uk-england-london-36129283
8800,11080,neutral,Billy ... we?,https://www.bbc.com/news/av/uk-politics-38929867/billy-bragg-on-question-time-what-kind-of-country-are-we
8840,27327,fear,Firefighters ... incident,https://www.bbc.com/news/uk-scotland-highlands-islands-39563536
8880,30307,neutral,Israel ... revenue,https://www.bbc.com/news/world-middle-east-21923648
8920,100755,neutral,Surrey ... butterfly,https://www.bbc.com/news/uk-england-surrey-24525303
8960,60497,neutral,Microsoft ... row,https://www.bbc.com/news/technology-22980973
9000,30885,neutral,No ... NHS,https://www.bbc.com/news/av/health-21946020/no-more-cover-ups-health-secretary-jeremy-hunt-tells-nhs
9040,79076,disgust,'Shame ... massacre,https://www.bbc.com/news/av/world-middle-east-19160565/shame-on-ioc-says-israeli-widow-of-olympics-massacre
9080,84549,neutral,South ... nation'?,https://www.bbc.com/news/world-africa-19326263
9120,89417,anger,NUT ... conditions,https://www.bbc.com/news/av/education-19527384/nut-say-members-vote-to-strike-over-pay-and-conditions
9160,20794,neutral,Pensions: ... problem,https://www.bbc.com/news/business-10840248
9200,49704,sadness,Tributes ... Broad,https://www.bbc.com/news/uk-england-surrey-13521015
9240,119075,neutral,Travel ... Gloucestershire,https://www.bbc.com/news/uk-england-gloucestershire-16007959
9280,69198,sadness,Guildford ... drive,https://www.bbc.com/news/uk-england-surrey-14191971
9320,75914,anger,Alvin ... exploited?,https://www.bbc.com/news/av/business-14445032/alvin-hall-are-graduate-interns-being-exploited
9360,35375,anger,Get ... Schuster,https://www.dailymail.co.uk/sport/football/article-1056505/Get-Real-Robinho-Youre-star-player-mediocre-blasts-Schuster.html
9400,24217,joy,Spurs ... terms,https://www.dailymail.co.uk/sport/football/article-1038397/Spurs-defender-Kaboul-set-follow-Tainio-Sunderland-agreeing-personal-terms.html
9440,39535,fear,Lewis ... line,https://www.dailymail.co.uk/sport/formulaone/article-1194478/Lewis-Hamilton-Formula-One-power-struggle-means-job-line.html
9480,11913,neutral,China ... lending,https://www.dailymail.co.uk/money/article-1151030/China-urges-foreign-banks-lending.html
9520,176906,neutral,Kim ... SKIMS,https://www.dailymail.co.uk/tvshowbiz/article-7484485/Kim-Kardashian-flaunts-hourglass-figure-black-bandeau-bottoms-new-line-SKIMS.html
9560,26049,anger,Austrian ... price,https://www.dailymail.co.uk/news/article-6677303/Austrian-government-ordered-pay-1-3million-owner-house-Hitler-born.html
9600,136996,fear,Iranian ... warn,https://www.dailymail.co.uk/news/article-7271067/Sleeper-cells-terrorists-inspired-attack-UK-security-sources-warn.html
9640,189412,neutral,Suits ... Stockholm,https://www.dailymail.co.uk/femail/article-7555567/Crown-Princess-Victoria-Sweden-arrives-inauguration-Arctic-exhibition-Stockholm.html
9680,192673,joy,Cheryl ... show,https://www.dailymail.co.uk/tvshowbiz/article-7570277/Cheryl-puts-racy-display-makes-surprise-appearance-Todrick-Halls-Palladium-show.html
9720,170551,joy,Suits ... Markle?),https://www.dailymail.co.uk/femail/article-7449071/Prince-Harry-arrives-celebrate-fifth-anniversary-Invictus-Games.html
9760,187728,neutral,There ... interest',https://www.dailymail.co.uk/news/article-6207973/There-NO-General-Election-Brexit-says-Theresa-May.html
9800,31811,joy,Twinning! ... outfits,https://www.dailymail.co.uk/tvshowbiz/article-5398597/Footy-WAG-Clementine-McVeigh-looks-chic-Chanel-boots.html
9840,55818,disgust,Rhian ... regime,https://www.dailymail.co.uk/tvshowbiz/article-5533205/Rhian-Sugden-flaunts-ample-cleavage-skimpy-bralet.html
9880,117128,joy,The ... T.,https://www.dailymail.co.uk/tvshowbiz/article-5846569/Married-Sights-Sarah-Roza-goes-double-date-Melbourne-hunky-new-beau.html
9920,194399,joy,Jacqueline ... walk,https://www.dailymail.co.uk/tvshowbiz/article-6239077/Jacqueline-Jossa-affectionately-holds-sleeping-daughter-Mia-arms-enjoys-leafy-walk.html
9960,37078,disgust,Sinister ... Reich,https://www.dailymail.co.uk/news/article-5426667/Photos-sent-British-penfriend-German-girl.html
10000,86317,neutral,MARKET ... talk,https://www.dailymail.co.uk/money/markets/article-3072688/MARKET-REPORT-SAB-Miller-s-glass-half-dealers-excited-Anheuser-Busch-InBev-bid-talk.html
10040,217876,joy,It's ... top,https://www.dailymail.co.uk/tvshowbiz/article-3324828/Home-Away-s-George-Mason-enjoys-beach-date-girlfriend-Manon-Buchalet-reveals-cleavage-top.html
10080,24916,fear,Liverpool's ... side,https://www.dailymail.co.uk/sport/football/article-2944089/Liverpool-s-draw-Everton-failed-set-hearts-racing-Jordan-Ibe-glimpses-bright-future-Brendan-Rodgers-side.html
10120,81257,neutral,No ... year,https://www.dailymail.co.uk/tvshowbiz/article-3061880/Sam-Frost-vows-not-sleep-Bachelorette-Jackie-O-says-went-wrong-Blake-Garvey-year.html
10160,16979,neutral,Leeds ... deal,https://www.dailymail.co.uk/money/saving/article-2928030/Leeds-BS-chops-3-05-rate-regular-savings-account-just-0-85-blocks-customers-moving-better-deal.html
10200,90442,joy,Chris ... night',https://www.dailymail.co.uk/sport/football/article-3079791/Chris-Smalling-s-hot-tub-catches-fire-emergency-services-called-Manchester-United-defender-enjoys-lads-night.html
10240,124780,anger,Telangana's ... expense,https://www.dailymail.co.uk/indiahome/indianews/article-3148894/Telangana-s-KCR-gifts-Rs-5-crore-Mercedes-Benz-bus-taxpayers-expense.html
10280,195526,joy,New ... Morrison,https://www.dailymail.co.uk/tvshowbiz/article-2842379/Ginnifer-Goodwin-spotted-Time-set-films-scenes-screen-daughter-Jennifer-Morrison.html
10320,51089,neutral,Complete ... predictions,https://www.dailymail.co.uk/sport/cricket/article-2596432/Team-team-guide-new-county-season.html
10360,37072,sadness,Heating ... Aimee',https://www.dailymail.co.uk/tvshowbiz/article-2577525/Steven-Tyler-65-early-stages-relationship-twentysomething-personal-assistant-Aimee.html
10400,57875,fear,'It's ... expected,https://www.dailymail.co.uk/tvshowbiz/article-2605649/Its-test-level-Jamie-Lynn-Sigler-reveals-motherhood-way-difficult-expected.html
10440,214233,joy,'I've ... aisle,https://www.dailymail.co.uk/tvshowbiz/article-2878734/Gregg-Wallace-50-proposes-girlfriend-Anne-Marie-Sterpini-29-plans-FOURTH-trip-aisle.html
10480,162817,sadness,'Missed ... Lunardi,https://www.dailymail.co.uk/tvshowbiz/article-3727457/Aisha-Jade-fellow-Big-Brother-star-Jason-Roses-reunite-charity-ball-following-split-Travis-Lunardi.html
10520,173279,anger,The ... destroyed,https://www.dailymail.co.uk/news/article-3751080/The-face-hatred-unveiled-Wife-jailed-Choudary-clearly-identified-time-vows-non-Muslims-Britain-destroyed.html
10560,21194,fear,"'Hey, ... Station",https://www.dailymail.co.uk/news/article-3425075/Hey-recognise-place-Major-Tim-Peake-posts-brilliant-photos-UK-London-night-International-Space-Station.html
10600,170891,sadness,'Tears ... child,https://www.dailymail.co.uk/tvshowbiz/article-3746391/Rachael-Finch-announces-husband-Michael-Miziner-expecting-child.html
10640,256876,anger,EXCLUSIVE: ... public,https://www.dailymail.co.uk/news/article-4025908/Brad-Pitt-accuses-Angelina-Jolie-releasing-confidential-information-kids-files-emergency-court-order-reveals-gets-tested-drugs-alcohol-four-times-month.html
10680,209918,joy,Richie ... dress,https://www.dailymail.co.uk/tvshowbiz/article-3832400/The-Bachelor-s-Nikki-Gogan-wears-smile-steps-male-friends-cutting-stylish-figure-plunging-red-dress.html
10720,169896,fear,Monkey ... Gorilla,https://www.dailymail.co.uk/news/article-3744994/Competition-Hobart-pool-slide-hijacked-Harambe-fans.html
10760,4204,neutral,Credit ... due,https://www.dailymail.co.uk/money/experts/article-1540568/Credit-where-its-due.html
10800,202731,fear,Female ... Act,https://www.dailymail.co.uk/news/article-4924976/Female-contractor-65-arrested-counter-terror-police.html
10840,115228,sadness,Two ... car,https://www.dailymail.co.uk/news/article-4552608/Vehicle-hits-children-Ohio-street-killing-2-girls.html
10880,15420,neutral,Barbara ... pneumonia,https://www.dailymail.co.uk/news/article-4146002/George-H-W-Bush-improving-wife-staying-night-hospital.html
10920,86690,joy,'She's ... performances,https://www.dailymail.co.uk/tvshowbiz/article-4434476/Nicole-Scherzinger-star-movie-adaptation-Wicked.html
10960,28745,sadness,More ... beyond,https://www.dailymail.co.uk/news/article-4200866/The-Latest-NWS-confirms-3-tornadoes-hit-south-Louisiana.html
11000,61865,fear,Southampton ... City,https://www.dailymail.co.uk/sport/football/article-4335326/Southampton-hope-quick-Gabbiadini-return-injury.html
11040,137986,neutral,Joshua ... debut,https://www.dailymail.co.uk/sport/boxing/article-4650566/Joshua-Buatsi-Anthony-Joshua-Eddie-Hearn.html
11080,57883,fear,You're ... Rover,https://www.dailymail.co.uk/news/article-2315670/Youre-booked-England-footballer-Andy-Carroll-stopped-police-100-000-Range-Rover.html
11120,5243,joy,'This ... infamy,https://www.dailymail.co.uk/news/article-2260894/Tiger-maul-victim-David-Villalobos-lept-Bronx-Zoo-enclosure-trying-cash-infamy.html
11160,11562,neutral,MIM ... bail,https://www.dailymail.co.uk/indiahome/indianews/article-2267875/MIM-chief-Owaisi-granted-bail.html
11200,167278,fear,Southampton ... winner,https://www.dailymail.co.uk/sport/football/article-2518248/Southampton-2-Aston-Villa-3--Premier-League-match-report.html
11240,148541,neutral,Going ... 2016?,https://www.dailymail.co.uk/femail/article-2235282/How-relaxed-Hillary-Clinton-upstaging-Obama-presidential-tour--gearing-2016.html
11280,24909,fear,Redknapp: ... rehabilitation,https://www.dailymail.co.uk/sport/football/article-2107038/Harry-Redknapp-International-break-hamper-Tottenhams-rehabilitation.html
11320,69858,fear,‘He’s ... horror,https://www.dailymail.co.uk/news/article-2153619/Witnesses-Miami-cannibal-attack-described-vicious-assault-failed-mention-attacker-eating-victims-face-off.html
11360,119376,joy,German ... Holland,https://www.dailymail.co.uk/sport/othersports/article-2205111/Judith-Arndt-defends-womens-elite-time-trial-title-UCI-Road-World-Championships.html
11400,11722,joy,New ... 14!,https://www.dailymail.co.uk/sport/golf/article-2093364/Lydia-Ko-wins-golf-tournament-aged-14.html
11440,50717,sadness,An ... flop,https://www.dailymail.co.uk/sport/worldcup2010/article-1294266/An-time-low-Fabio-Capellos-England-hit-rock-massive-World-Cup-flop.html
11480,49840,sadness,Speed ... casualties,https://www.dailymail.co.uk/news/article-1293281/Speed-cameras-87m-year--fail-make-impact-road-casualties.html
11520,90231,fear,Uninsured ... £50',https://www.dailymail.co.uk/news/article-1332024/Uninsured-drivers-kill-160-people-year-face-inadequate-fines-low-50.html
11560,11777,neutral,Stairway ... tower,https://www.dailymail.co.uk/news/article-1354208/British-church-spends-12k-installing-climbing-wall-bell-tower.html
11600,98227,joy,Watford ... Eagles,https://www.dailymail.co.uk/sport/football/article-2049478/Watford-0-Crystal-Palace-2-Zahas-stunning-strike-lifts-Eagles.html
11640,100183,fear,'Every ... father,https://www.dailymail.co.uk/femail/article-2051123/Calvin-Kleins-daughter-Marci-I-sleep-guy-dads-underwear.html
11680,952,neutral,Dept. ... Cousin,https://www.newyorker.com/magazine/2000/11/20/dept-of-close-calls-george-w-s-cousin
11720,1300,neutral,MSNBC’s ... Left’,https://dailycaller.com/2019/01/15/msnbc-wallace-racism-democratic-party/
11760,5703,fear,Encouraging ... Take,https://dailycaller.com/2018/02/18/encouraging-women-to-stop-wearing-yoga-pants-is-a-horrendous-take/
11800,12419,neutral,Will ... China?,https://dailycaller.com/2015/07/27/will-hillarys-half-a-billion-solar-panels-promise-send-billions-to-china/
11840,32135,neutral,Trump ... Position,https://dailycaller.com/2016/12/07/trump-tags-wwes-linda-mcmahon-for-cabinet-position/
11880,10430,sadness,Cal ... Fair,https://dailycaller.com/2017/04/24/cal-state-pro-life-club-banned-from-social-justice-fair/
11920,5879,neutral,Inhofe: ... [VIDEO],https://dailycaller.com/2012/04/18/inhofe-obama-trying-to-run-away-from-the-far-left-environmentalists-video/
11960,9841,neutral,Omaha ... manuals,https://dailycaller.com/2011/07/13/omaha-public-schools-spend-130000-in-stimulus-money-on-diversity-manuals/
12000,48637,neutral,For ... Solace,https://gambit.blogs.nytimes.com/2008/07/17/for-hostages-chess-is-often-a-solace/
12040,58007,neutral,The ... Care,https://newoldage.blogs.nytimes.com/2008/08/28/the-candidates-silence-on-long-term-care/
12080,29768,sadness,DNA ... Say,https://www.nytimes.com/2009/05/01/us/01murder.html
12120,17853,neutral,Wild ... East,https://thequad.blogs.nytimes.com/2009/03/13/thursdays-drama-thwarts-dream-matchups-in-big-east/
12160,7959,disgust,The ... Parts,https://www.nytimes.com/2019/02/26/science/mummies-smuggling-speaker.html
12200,25852,neutral,Debate ... Breakdown,https://www.nytimes.com/2019/06/27/us/politics/debate-night-1-analysis.html
12240,28302,neutral,Amazon ... Says,https://www.nytimes.com/2018/07/08/business/amazon-racist-white-supremacist-report.html
12280,76274,neutral,BOXING; ... Perspective,https://www.nytimes.com/2001/11/22/sports/boxing-viloria-a-professional-now-starting-to-gain-perspective.html
12320,81550,neutral,U.S. ... Fair,https://www.nytimes.com/2001/12/12/world/us-warns-zimbabwe-that-next-year-s-election-must-be-fair.html
12360,8321,neutral,"Pride, ... Austen",https://artsbeat.blogs.nytimes.com/2015/02/10/pride-prejudice-prostitutes-and-pickles-scholars-identify-two-new-letters-relating-to-jane-austen/
12400,17851,neutral,The ... Thing,https://www.nytimes.com/2015/03/30/arts/international/at-auction-the-picasso-signature-is-still-a-sure-thing.html
12440,19562,neutral,Free ... Beer!,https://www.nytimes.com/2014/03/30/opinion/sunday/free-craft-beer.html
12480,51286,sadness,Stewart ... Race,https://www.nytimes.com/2014/08/15/sports/autoracing/stewart-will-sit-out-nascar-race-in-michigan.html
12520,13877,neutral,THE ... Landscape,https://www.nytimes.com/2000/02/28/opinion/the-rural-life-voices-from-a-forgotten-landscape.html
12560,16079,neutral,PUBLIC ... Style,https://www.nytimes.com/2000/03/09/nyregion/public-lives-executive-names-her-own-price-and-style.html
12600,50210,neutral,To ... Goalie,https://www.nytimes.com/2016/10/06/sports/hockey/to-enhance-scoring-nhl-looks-to-shrink-the-goalie.html
12640,55947,neutral,How ... Dressing,https://www.nytimes.com/2016/11/09/dining/cornbread-dressing-thanksgiving.html
12680,59799,neutral,Campaign ... Season,https://www.nytimes.com/2002/09/08/us/campaign-season.html
12720,1749,neutral,A ... War,https://www.nytimes.com/2002/01/09/world/a-nation-challenged-mental-health-the-ravaged-minds-from-a-generation-of-war.html
12760,6951,neutral,THE ... Rates,https://www.nytimes.com/2003/01/29/business/the-markets-key-rates.html
12800,5270,neutral,How ... Rules,https://www.nytimes.com/2003/01/23/us/how-senators-voted-on-air-rules.html
12840,38963,neutral,Corrections: ... 2017,https://www.nytimes.com/2017/09/07/pageoneplus/corrections-september-7-2017.html
12880,62448,neutral,Tobin ... (Wonkish),https://krugman.blogs.nytimes.com/2013/09/13/tobin-and-the-taper-wonkish/
12920,43033,joy,A ... Casino,https://www.nytimes.com/2013/06/19/dining/a-flagship-restaurant-for-empire-city-casino.html
12960,34076,neutral,Astronaut ... Space,https://thelede.blogs.nytimes.com/2013/05/13/astronaut-covers-space-oddity-from-space/
13000,40757,disgust,Pressing ... Views,https://dotearth.blogs.nytimes.com/2007/12/13/pressing-murdoch-on-the-journals-climate-views/
13040,22794,disgust,"Loner, ... Killer",https://www.nytimes.com/2012/03/24/opinion/loner-loser-killer.html
13080,63393,neutral,36 ... Vt.,https://www.nytimes.com/2012/08/26/travel/36-hours-in-montpelier-vt.html
13120,45402,neutral,Economy’s ... Fall,https://www.nytimes.com/2012/06/14/business/economy/weak-economys-mixed-blessing-falling-commodity-prices.html
13160,30166,neutral,LeRoy ... Ensemble,https://www.nytimes.com/2004/05/15/arts/leroy-myers-84-tap-dancer-with-the-copasetics-ensemble.html
13200,1425,neutral,STATE ... Wrist,https://www.nytimes.com/2004/01/08/technology/state-of-the-art-microsoft-s-latest-strapped-to-a-wrist.html
13240,100037,sadness,Misaligned ... Accident,https://www.nytimes.com/2010/12/30/us/30ski.html
13280,10422,neutral,Ambitious ... Class,https://www.nytimes.com/2010/02/08/books/08book.html
13320,43265,anger,Pundit ... Protest,https://www.nytimes.com/2011/06/14/opinion/14brooks.html
13360,15041,fear,Public ... Budget,https://www.nytimes.com/2011/02/28/business/media/28cpb.html
13400,62917,neutral,To ... Hour,https://www.nytimes.com/2011/09/03/sports/baseball/to-dodgers-bankruptcy-rolls-up-fees-by-the-hour.html
13440,14445,anger,DeLay ... Supporters,https://www.nytimes.com/2005/05/13/politics/delay-takes-the-offensive-in-his-address-to-supporters.html
13480,11126,fear,Iran ... Accord,https://www.bloomberg.com/news/articles/2019-05-09/iran-plays-into-trump-s-hands-with-threat-to-quit-nuclear-accord
13520,815,sadness,Merkel ... Talks,https://www.bloomberg.com/news/articles/2018-01-08/merkel-hemmed-in-by-hard-liners-challenging-her-policy-positions
13560,9727,neutral,IBM ... T23,https://www.bloomberg.com/news/articles/2001-10-28/ibm-thinkpad-t23
13600,51261,neutral,Yahoo ... Million,https://www.bloomberg.com/news/articles/2015-12-15/yahoo-japan-plans-to-buy-travel-site-ikyu-for-up-to-830-million
13640,38923,neutral,Wal-Mart ... Savings,https://www.bloomberg.com/news/articles/2014-10-08/wal-mart-health-cuts-reopen-debate-over-obamacare-costs-savings
13680,46419,neutral,OPEC ... Deal,https://www.bloomberg.com/news/articles/2016-11-29/iran-says-it-won-t-cut-oil-production-as-talks-remain-deadlocked
13720,28374,neutral,MetLife ... ‘Brighthouse’,https://www.bloomberg.com/news/articles/2016-07-21/metlife-rebrands-retail-unit-to-be-separated-as-brighthouse
13760,4207,fear,Amazon ... Spending,https://www.bloomberg.com/news/articles/2017-02-02/amazon-revenue-misses-estimates-as-holiday-sales-fall-short
13800,25715,neutral,Silex ... Projec,https://www.bloomberg.com/news/articles/2013-06-24/silex-unit-completes-australia-s-largest-cpv-solar-projec
13840,19778,sadness,Commodities ... Quarter,https://www.bloomberg.com/news/articles/2013-05-15/commodities-revenue-at-10-top-banks-seen-down-54-in-1st-quarter
13880,17498,neutral,Intel's ... Shoppers,https://www.bloomberg.com/news/articles/2012-05-01/intels-help-brings-the-web-to-in-store-shoppers
13920,14717,sadness,Lions ... Sequel,https://www.bloomberg.com/news/articles/2012-04-11/lions-gate-loses-hunger-games-director-in-blow-to-film-sequel
13960,16535,neutral,Sovereign ... Europe,https://www.bloomberg.com/news/articles/2010-08-27/sovereign-credit-default-swaps-head-for-record-monthly-increase-in-europe
14000,175,neutral,Brazil ... Currency,https://www.bloomberg.com/news/articles/2011-01-03/brazil-trade-surplus-fell-20-last-year-on-currency-gains-economic-growth
14040,17,neutral,No ... example,https://www.economist.com/europe/2014/01/04/no-longer-a-shining-example
14080,1564,neutral,The ... five,https://www.economist.com/asia/2004/05/27/the-famous-five
14120,6705,neutral,Battling ... Strategies,https://www.npr.org/templates/story/story.php?storyId=90856062
14160,5655,fear,Ethiopia's ... 1991,https://www.npr.org/2018/02/28/589090717/in-ethiopia-bitter-social-conflict-plays-out-on-the-soccer-field
14200,13361,anger,Factory ... Fiat-Chrysler,https://www.npr.org/2015/10/02/445216656/factory-workers-reject-contract-with-fiat-chrysler
14240,13404,joy,"Yay, ... Ever)",https://www.npr.org/2016/09/28/495795876/yay-its-time-for-my-performance-review-said-no-one-ever
14280,13162,neutral,Asians-Only ... Together,https://www.npr.org/sections/codeswitch/2013/09/08/213574323/asians-only-volleyball-brings-community-together
14320,11974,anger,Attack ... Pakistan,https://www.npr.org/templates/story/story.php?storyId=6415416
14360,10334,sadness,For ... Glitters,https://www.npr.org/templates/story/story.php?storyId=129861260
14400,12794,neutral,'Saving ... Tan,https://www.npr.org/templates/story/story.php?storyId=5020636
14440,8825,sadness,Former ... Invite,https://www.washingtonexaminer.com/former-us-ambassador-to-vatican-declines-notre-dame-invite
14480,25414,neutral,Where ... go?,https://www.washingtonexaminer.com/opinion/where-did-all-the-smart-men-go
14520,32974,anger,Why ... killers,https://www.washingtonexaminer.com/opinion/why-israel-advocates-going-easy-on-khashoggis-killers
14560,8911,neutral,W.Va. ... unit’,https://www.washingtonexaminer.com/wva-mass-litigation-panel-operates-as-8216-cohesive-unit-8217
14600,76474,neutral,Drug ... jobs,https://www.washingtonexaminer.com/drug-companies-announce-nc-expansions-new-jobs
14640,46724,neutral,Cullerton: ... remain,https://www.washingtonexaminer.com/cullerton-challenge-of-pension-reform-may-remain
14680,37095,fear,Search ... Japan,https://www.washingtonexaminer.com/search-underway-for-marine-pilot-after-hornet-crash-off-japan
14720,30646,neutral,Judge ... Maryland,https://www.washingtonexaminer.com/judge-allows-drug-price-gouging-law-to-go-into-effect-in-maryland
14760,38254,neutral,Average ... pct.,https://www.washingtonexaminer.com/average-on-30-year-us-mortgage-rises-to-342-pct
14800,6857,neutral,Chef ... pizazz,https://www.washingtonexaminer.com/chef-paolino-s-dishes-pasta-with-pizazz
14840,52408,joy,U.S. ... Cup,https://www.washingtonexaminer.com/us-takes-10-6-lead-at-ryder-cup
14880,69212,fear,Woman ... case,https://www.washingtonexaminer.com/woman-locked-up-in-alec-baldwin-stalking-case
14920,7739,fear,A ... dread,https://www.washingtonexaminer.com/a-day-of-the-living-dread
14960,12544,neutral,Many ... East,https://www.washingtonexaminer.com/weekly-standard/many-reasons-for-americas-continued-engagement-in-the-middle-east
15000,4976,neutral,The ... Edition,https://slate.com/culture/2019/06/culture-gabfest-good-fight-universal-music-group-fire-sally-rooney-normal-people.html
15040,9252,neutral,In ... Passwords,https://slate.com/technology/2014/08/death-of-the-password-biometrics-device-based-authentication-also-flawed.html
15080,3016,joy,Baldwin’s ... Beast,https://slate.com/culture/2017/04/baldwins-boffo-boss-baby-beats-beauty-and-the-beast.html
15120,6807,neutral,The ... Offshoring,https://slate.com/business/2012/07/bain-outsourcing-neither-obama-nor-romney-think-it-s-wrong-so-what-are-we-arguing-about.html
15160,14531,neutral,Caruso ... Proceedings,https://www.washingtonpost.com/wp-dyn/content/article/2008/06/24/AR2008062401284.html
15200,10156,neutral,Good ... Pay,https://www.washingtonpost.com/wp-dyn/content/article/2009/02/05/AR2009020502857.html
15240,33320,fear,China ... tariffs,https://www.washingtonpost.com/world/asia_pacific/china-warns-of-countermeasures-on-us-products-if-trump-boosts-tariffs/2019/05/08/f45c6cb6-718e-11e9-9331-30bc5836f48e_story.html
15280,26299,fear,Gen. ... border,https://www.washingtonpost.com/video/postlive/gen-joseph-dunford-on-trump-order-to-send-us-troops-to-the-southern-border/2018/12/06/ffb83a8a-4814-4867-bcd3-e629f068ecfa_video.html
15320,47696,sadness,Radar ... Missed,https://www.washingtonpost.com/archive/local/2001/10/14/radar-finds-what-shovels-missed/0c1edbc7-9ad2-472e-8e7f-0f65a05c8059/
15360,59359,neutral,'Kabul': ... Terrain,https://www.washingtonpost.com/archive/lifestyle/2001/12/20/kabul-a-trip-through-rugged-terrain/7b3cf77e-20ef-4428-946c-39e6008aac40/
15400,43348,sadness,John ... [Video],https://www.washingtonpost.com/news/the-fix/wp/2015/09/14/john-oliver-rewrites-cop-shows-to-reflect-our-broken-criminal-justice-system-video/
15440,12261,neutral,Obama ... bipartisanship,https://www.washingtonpost.com/politics/bipartisan-criminal-justice-reform-coalition-holds-white-house-meeting/2015/12/03/98cb7dde-99fa-11e5-b499-76cbec161973_story.html
15480,9311,neutral,FDA: ... rights,https://www.washingtonpost.com/politics/fda-safeguards-will-protect-whistleblower-rights/2014/02/26/e0a5c960-9f11-11e3-b8d8-94577ff66b28_story.html
15520,21026,sadness,Burton's ... Vegas,https://www.washingtonpost.com/archive/sports/2000/03/06/burtons-competition-is-all-wet-in-las-vegas/26104060-26b8-40ba-a458-1d6a0ba23cf7/
15560,41985,joy,Serena ... win,https://www.washingtonpost.com/sports/tennis/serena-williams-earns-her-22nd-grand-slam-title-with-wimbledon-win/2016/07/09/8703cdf6-45dd-11e6-88d0-6adee48be8bc_story.html
15600,7900,neutral,U.K.'s ... means,https://www.washingtonpost.com/world/uks-cameron-made-a-deal-with-the-eu-heres-what-that-means/2016/02/19/a4d91ec4-d753-11e5-a65b-587e721fb231_video.html
15640,39653,neutral,Stocks ... News,https://www.washingtonpost.com/archive/business/2002/08/24/stocks-fall-on-forecasts-probe-news/dd10e20d-24d6-4355-8b2e-24c250aea193/
15680,21309,neutral,Ask ... Guys,https://www.washingtonpost.com/archive/lifestyle/food/2003/02/05/ask-the-wine-guys/eab61db2-fc18-4855-beff-660687d6616b/
15720,24481,joy,An ... Success,https://www.washingtonpost.com/archive/local/2003/05/22/an-unceremonious-success/cac4b405-0a0f-46c8-a25a-8eece206d283/
15760,55871,fear,No. ... championship,https://www.washingtonpost.com/video/sports/highschools/no-1-landon-routes-bullis-18-7-to-capture-iac-championship/2017/05/12/78176ac2-3782-11e7-ab03-aa29f656f13e_video.html
15800,46826,fear,Severe ... games,https://www.washingtonpost.com/news/early-lead/wp/2013/11/17/severe-weather-in-chicago-buffalo-cincinnati-pittsburgh-may-strike-nfl-games/
15840,25381,neutral,"Hi, ... from…",https://www.washingtonpost.com/news/wonk/wp/2013/06/24/hi-its-troy-mcclure-you-may-remember-him-from/
15880,17487,neutral,In ... Skies,https://www.washingtonpost.com/wp-dyn/content/article/2007/12/06/AR2007120602398.html
15920,21546,sadness,Power ... Service,https://www.washingtonpost.com/archive/business/technology/2006/05/25/power-outage-snarls-rail-service/e7f92f72-49c2-42dc-b0a1-28498912e52a/
15960,68976,neutral,How ... opinion?,https://www.washingtonpost.com/blogs/plum-line/wp/2012/12/13/how-much-longer-can-republicans-ignore-public-opinion/
16000,37263,joy,Roger ... final,https://www.washingtonpost.com/sports/roger-federer-and-andy-murray-square-off-in-wimbledon-mens-final/2012/07/07/gJQAg0MoUW_story.html
16040,38112,fear,Basing ... Individual,https://www.washingtonpost.com/archive/business/2004/08/15/basing-car-insurance-risk-on-the-individual/3e622e00-f46e-4904-810d-525ad12be99f/
16080,19219,sadness,What ... bill,https://www.washingtonpost.com/wp-dyn/content/article/2010/07/28/AR2010072804527.html
16120,50161,neutral,Condoleezza ... sponsors,https://www.washingtonpost.com/blogs/in-the-loop/post/condoleezza-rice-would-like-to-thank-her-sponsors/2011/10/28/gIQAxm1bWM_blog.html
16160,23888,neutral,Escalator ... outages,https://www.washingtonpost.com/local/escalator-outages/2011/09/06/gIQA8uQ07J_graphic.html
16200,6060,disgust,Slave ... Cameroon,https://www.washingtonpost.com/archive/local/2005/06/02/slave-case-defendant-caught-in-cameroon/7fe2494c-1bdb-46ab-ad7f-1e0ffbd88fe1/
16240,24312,sadness,Vice ... Retirement,https://www.breitbart.com/sports/2019/08/27/vice-president-pence-disappointed-by-andrew-lucks-retirement/
16280,18561,disgust,Pollak: ... Trump-Haters,https://www.breitbart.com/middle-east/2018/06/19/pollak-the-adl-holocaust/
16320,34536,fear,Fracking ... Commission,https://www.breitbart.com/politics/2015/11/05/fracking-injection-wells-not-causing-texas-earthquakes-says-railroad-commission/
16360,19050,neutral,Horowitz: ... 'Broaden'?,https://www.breitbart.com/politics/2014/06/30/horowitz-which-partys-base-did-cochran-broaden/
16400,6803,joy,PICTURES: ... Rally,https://www.breitbart.com/europe/2016/02/20/pictures-grassroots-out-london-rally/
16440,10611,fear,Peter ... Matter’,https://www.breitbart.com/radio/2017/03/30/schweizer-ridiculous-ask-house-intel-chair-nunes-recuse-himself-investigation-not-judicial-matter/
16480,10846,fear,Netherlands ... Belgium,https://www.breitbart.com/europe/2017/04/02/kurds-stabbed-erdogan-supporters-riot-brussels-netherlands-high-alert/
16520,11174,neutral,SCOTUS ... CA,https://www.breitbart.com/politics/2012/06/29/first-polls-obamacare-bad/
16560,11495,neutral,The ... Domination,https://www.breitbart.com/national-security/2011/09/12/the-growing-potential-of-chinese-world-domination/
16600,400,neutral,Missile ... Coast?,https://www.politico.com/story/2013/03/east-coast-missile-defense-north-korea-iran-089140
16640,9590,fear,Boston ... Facts,https://edition.cnn.com/2013/06/03/us/boston-marathon-terror-attack-fast-facts/index.html
16680,16729,sadness,Israeli-Palestinian ... bullet,https://edition.cnn.com/2015/10/10/world/israeli-palestinian-violence/index.html
16720,4521,fear,Police: ... estate,https://edition.cnn.com/2016/03/04/us/oj-simpson-property-knife/index.html
16760,18433,joy,Beyonce's ... 1,https://edition.cnn.com/2013/12/16/showbiz/music/beyonce-new-album-number-1/index.html
16800,2721,joy,Private ... infant,https://edition.cnn.com/2011/10/14/justice/missouri-missing-girl/index.html
16840,8836,anger,Donald ... Republicans,https://www.buzzfeednews.com/article/tanyachen/donald-trump-twitter-rant
16880,6615,neutral,Vox ... B,https://www.vox.com/vox-sentences/2019/9/20/20876496/global-youth-climate-strike
16920,4080,neutral,Five ... Answer,https://www.vox.com/2014/6/9/11627740/five-questions-this-years-e3-needs-to-answer
16960,11086,joy,New ... screen,https://www.csmonitor.com/World/Asia-South-Central/2009/1120/p06s22-wosc.html
17000,17722,neutral,Stay ... home,https://www.csmonitor.com/Business/Saving-Money/2015/1205/Stay-warm-stay-frugal-Six-money-saving-tips-to-winterize-your-home
17040,11861,neutral,Are ... rut?,https://www.csmonitor.com/The-Culture/TV/2016/0916/Are-the-Emmys-stuck-in-a-rut
17080,17878,joy,Keanu ... Ronin',https://www.csmonitor.com/The-Culture/Latest-News-Wires/2013/1118/Keanu-Reeves-It-was-very-special-to-be-part-of-47-Ronin
17120,19222,neutral,Estate ... now?,https://www.csmonitor.com/Business/Tax-VOX/2012/1214/Estate-tax-up-in-the-air.-Is-the-time-to-give-now
17160,10939,neutral,For ... referees,https://www.csmonitor.com/USA/2011/0826/For-tourist-and-grizzly-bear-a-team-of-referees
17200,4589,neutral,Internal ... Anyway,https://www.thedailybeast.com/how-america-got-hooked-on-the-deadly-drug-oxycontin
17240,7536,neutral,Xi ... You,https://www.thedailybeast.com/xi-jinpings-in-your-pocket-and-hes-watching-you
17280,4371,joy,Florence ... cool,https://www.thedailybeast.com/florence-foster-jenkins-is-cool
17320,1408,joy,Sextuplets ... Birthday,https://abcnews.go.com/GMA/AmericanFamily/story?id=3598492&page=1
17360,64506,neutral,Not ... Bidens,https://abcnews.go.com/Politics/wireStory/trump-calls-china-investigate-bidens-66033807
17400,54568,disgust,Infamous ... prison,https://abcnews.go.com/US/wireStory/infamous-counterfeiter-sentenced-federal-prison-65099654
17440,8367,surprise,Melania ... members,https://abcnews.go.com/Politics/melania-trump-makes-appearance-surgery-white-house-event/story?id=55651023
17480,6203,joy,Richard ... Boston,https://abcnews.go.com/US/social-climber-richard-gere-padma-lakshmi-dating/story?id=23420839
17520,15931,joy,Golfing ... again,https://abcnews.go.com/Politics/golfing-buddies-trump-hits-links-lindsey-graham/story?id=50491650
17560,1156,neutral,Apple ... app,https://abcnews.go.com/Technology/apple-scores-digital-textbooks-app/story?id=15494415
17600,12675,anger,Progressives ... stimulus,https://thehill.com/homenews/news/17445-progressives-pressure-congress-to-pass-stimulus
17640,31726,fear,O'Rourke ... shooting,https://thehill.com/homenews/campaign/459606-orourke-campaign-selling-this-is-f-ed-up-shirts-after-mass-shooting
17680,8406,anger,West ... strike,https://thehill.com/blogs/blog-briefing-room/news/375846-west-virginia-teachers-pack-food-bags-for-students-in-need-even
17720,12619,neutral,Ben ... wage,https://thehill.com/blogs/ballot-box/241449-ben-carson-backs-raising-minimum-wage
17760,29207,neutral,Sen. ... odds,https://thehill.com/policy/energy-environment/224707-whitehouse-climate-fight-assisted-by-shift-of-power-in-senate-to
17800,15904,neutral,Sanders ... blood',https://thehill.com/blogs/ballot-box/presidential-races/281013-sanders-aide-were-trying-to-open-dem-party-to-new-blood
17840,2727,neutral,GOP ... days,https://thehill.com/homenews/house/315508-house-majority-leader-presents-legislative-agenda-for-the-next-100-days
17880,25215,anger,Cornyn: ... check’,https://thehill.com/blogs/floor-action/senate/328143-cornyn-obama-is-asking-for-a-blank-check
17920,620,fear,re: ... Terror,https://thehill.com/blogs/congress-blog/politics/29581-re-bushs-false-assertion-that-democrats-are-weak-on-terror
17960,943,neutral,Sen. ... (R-Texas),https://thehill.com/resources/lawmaker-ratings/76177-sen-kay-bailey-hutchison-r-texas
18000,4127,neutral,New ... Rudy,https://thehill.com/capital-living/in-the-know/144045-new-yorkers-want-rudy
18040,20724,neutral,Aubade ... Aubade,https://www.theguardian.com/books/2008/mar/14/poetry.philiplarkin8
18080,44068,sadness,South ... imports,https://www.theguardian.com/world/2008/jun/10/korea
18120,84177,neutral,Adrian ... Wolves,https://www.theguardian.com/sport/2009/oct/08/adrian-morley-contract-warrington-wolves
18160,62283,neutral,Jazz ... London,https://www.theguardian.com/music/2009/jul/25/chris-potter-underground-ronnie-scotts
18200,83473,anger,England ... qualifier,https://www.theguardian.com/football/2009/oct/05/england-ukraine-internet-broadcast
18240,40456,neutral,California ... 22,https://www.theguardian.com/environment/2019/jul/17/overwhelming-joy-birth-of-california-condor-chicks-marks-soaring-comeback
18280,30967,neutral,Yotam ... recipes,https://www.theguardian.com/food/2019/jun/01/yotam-ottolenghi-recipes-lamb-beef-kebabs-potatoes-with-ailoi-sweet-sour-onions
18320,19380,joy,Chelsea ... City,https://www.theguardian.com/football/2018/apr/01/womens-super-league-chelsea-arsenal-manchester-city-reading
18360,57191,fear,MI5 ... links,https://www.theguardian.com/uk-news/2018/sep/26/mi5-officer-tells-inquest-of-westminster-attackers-terror-links
18400,48330,neutral,Chrysalis ... ventures,https://www.theguardian.com/technology/2001/nov/23/internetnews.business1
18440,109808,joy,Troye ... emotion,https://www.theguardian.com/music/2015/dec/04/troye-sivan-blue-neighbourhood-review-
18480,113856,neutral,Thomas ... River,https://www.theguardian.com/culture/2015/dec/15/thomas-murray-and-the-upside-down-river
18520,9051,neutral,Soporific ... snooze?,https://www.theguardian.com/music/2015/jan/29/soporific-songs-what-music-makes-you-snooze
18560,96384,fear,Serial ... homicide,https://www.theguardian.com/tv-and-radio/2014/nov/06/the-serial-sarah-koenig-homicide-review
18600,86015,neutral,Wine: ... blowsy,https://www.theguardian.com/lifeandstyle/2014/oct/04/australian-red-wine-shiraz-fiona-beckett
18640,6787,disgust,Justin ... behaviour,https://www.theguardian.com/music/musicblog/2014/jan/23/justin-bieber-david-bowie-tim-jonze
18680,13989,fear,Two ... fire,https://www.theguardian.com/uk/2000/apr/22/2
18720,26640,neutral,If ... place,https://www.theguardian.com/commentisfree/2016/mar/22/if-we-all-got-lost-podcasts-world-would-be-better-place
18760,97500,fear,Israeli ... Haifa,https://www.theguardian.com/world/2016/nov/25/israeli-firefighters-gaining-control-forest-fires-haifa
18800,75363,neutral,Here ... look,https://www.theguardian.com/fashion/2016/sep/08/here-come-the-cropstepper-the-new-raw-denim-look
18840,58185,neutral,Staff ... life,https://www.theguardian.com/society/2002/dec/11/christmasappeal.guardiansocietysupplement
18880,3621,neutral,Final ... case,https://www.theguardian.com/sport/2003/jan/22/horseracing.gregwood
18920,3594,sadness,Jail ... break,https://www.theguardian.com/society/2003/jan/22/crime.penal
18960,37580,anger,Claude ... expectations,https://www.theguardian.com/football/blog/2017/jun/15/claude-puel-southampton-premier-league-expectations
19000,15173,sadness,The ... February,https://www.theguardian.com/uk-news/2017/mar/05/weather-february-2017-temperatures-rainfall-sunshine-winds
19040,25100,neutral,Canada ... jerseys,https://www.theguardian.com/sport/2013/apr/02/canada-women-ice-hockey-livestrong
19080,90823,sadness,Roy ... Beckenbauer,https://www.theguardian.com/football/2013/nov/17/roy-hodgson-germany-coach-franz-beckenbauer
19120,66919,neutral,Gallery: ... Burma,https://www.theguardian.com/news/gallery/2007/sep/26/internationalnews
19160,70757,sadness,Shaw's ... fringe,https://www.theguardian.com/sport/2007/oct/12/rugbyunion.rugbyworldcup20074
19200,23040,neutral,Marching ... beat?,https://www.theguardian.com/society/2007/apr/06/penal.comment
19240,49570,fear,First-time ... salary,https://www.theguardian.com/money/2006/aug/20/firsttimebuyers.property
19280,2523,fear,Psychometric ... trip,https://www.theguardian.com/money/2006/jan/14/workandcareers.careers
19320,65871,neutral,Bose ... review,https://www.theguardian.com/technology/2012/aug/31/bose-videowave-entertainment-system-review
19360,74357,joy,Louis ... pictures,https://www.theguardian.com/fashion/gallery/2012/oct/03/paris-fashion-week-louis-vuitton-miu-miu
19400,23676,neutral,Tower ... strength,https://www.theguardian.com/world/2004/may/07/worlddispatch.september11
19440,15460,sadness,Sculthorpe ... banned,https://www.theguardian.com/sport/2004/mar/24/rugbyleague.sthelens
19480,12471,joy,Destination ... Italy,https://www.theguardian.com/travel/2010/feb/14/destination-romance-kate-copstick-venice-italy
19520,12674,fear,Bahrain ... continues,https://www.theguardian.com/sport/2011/feb/17/bahrain-grand-prix-cancel-violence
19560,66222,joy,The ... recovery,https://www.theguardian.com/society/2011/sep/09/surf-therapy-former-servicemen
19600,26334,joy,The ... review,https://www.theguardian.com/stage/2011/apr/08/game-of-love-and-chance-review
19640,13422,anger,They're ... doomed!,https://www.theguardian.com/artanddesign/2005/mar/09/heritage
19680,358,neutral,Media ... Cycle,https://theintercept.com/2015/05/22/one-group-americans-drool-wall-wall-presidential-campaign-ads-next-year-media-companies/
19720,4651,joy,Why ... Monarchy,https://time.com/5284141/prince-harry-meghan-markle-royal-wedding-review/
19760,11533,fear,Beyond ... Moments,https://time.com/2923162/world-cup-shocking-moments-suarez/
19800,14501,neutral,The ... America,https://time.com/4410194/democratic-republican-bipartisan-political-foods-america/
19840,22255,neutral,Apparently ... Weeks,https://www.nationalreview.com/the-campaign-spot/apparently-mission-crept-sometime-past-five-weeks-jim-geraghty/
19880,1113,neutral,Indiana ... Outlet,https://www.nationalreview.com/corner/indiana-launch-state-run-news-outlet-andrew-johnson/
19920,3144,neutral,NYT ... Advocacy,https://www.nationalreview.com/corner/nyt-publishes-speech-suppression-advocacy/
19960,10186,neutral,Just ... Discovered,https://www.nationalreview.com/corner/just-discovered-john-j-miller/
20000,18126,neutral,Valuable ... Management,https://www.nationalreview.com/phi-beta-cons/valuable-college-learning-money-and-time-management-george-leef/
20040,25861,neutral,‘QAEDA’ ... AFGHAN,https://nypost.com/2008/08/25/qaeda-moms-kid-in-afghan/
20080,49040,neutral,Finn ... Blueshirts,https://nypost.com/2009/12/05/finn-in-for-blueshirts/
20120,21630,neutral,O’S ... ‘AUSTERITY’,https://nypost.com/2009/06/09/os-absurd-austerity/
20160,26487,neutral,Doing ... vaccinations,https://nypost.com/2019/06/14/doing-the-right-thing-on-mandatory-vaccinations/
20200,28987,neutral,Jackie ... $12M,https://nypost.com/2018/07/02/jackie-gleasons-iconic-circular-mansion-on-the-market-for-12m/
20240,2593,anger,Man ... accident,https://nypost.com/2018/01/17/man-charged-with-killing-teen-in-fight-after-car-accident/
20280,6876,anger,Credibility ... question,https://nypost.com/2015/03/05/credibility-of-cop-who-took-patz-confession-called-into-question/
20320,11179,neutral,‘Game ... seasons,https://nypost.com/2014/04/08/game-of-thrones-renewed-for-two-more-seasons/
20360,19529,neutral,DOWNLOAD ... MP3,https://nypost.com/2000/09/21/download-debacle-music-industry-tries-to-make-the-most-of-mp3/
20400,39055,sadness,HIV-positive ... rituals,https://nypost.com/2016/11/22/hiv-positive-hyena-man-gets-two-years-in-jail-for-sex-rituals/
20440,21518,neutral,REED ... METS,https://nypost.com/2002/10/04/reed-isnt-weeping-for-mets/
20480,1842,neutral,COLLISION ... SUPER,https://nypost.com/2003/01/24/collision-course-raider-o-vs-buc-d-will-be-just-super/
20520,29364,neutral,I ... too,https://nypost.com/2017/07/21/i-have-face-blindness-and-you-might-too/
20560,40244,anger,Lady ... deal,https://nypost.com/2013/10/17/lady-gaga-nears-lawsuit-deal/
20600,22876,neutral,‘TRACK’ ... TRICK,https://nypost.com/2007/08/30/track-trick/
20640,18620,neutral,ONE ... CALF,https://nypost.com/2006/08/15/one-and-hes-done-phillies-rout-mets-as-pedro-injures-calf/
20680,28186,joy,Bloomy’s ... Daddy!,https://nypost.com/2012/06/24/bloomys-kid-hail-daddy/
20720,22826,neutral,MILLER ... CONTROL,https://nypost.com/2004/09/22/miller-gets-absolute-control/
20760,26778,sadness,U.N. ... Iran,https://nypost.com/2010/06/09/u-n-security-council-votes-to-adopt-sanctions-against-iran/
20800,28365,neutral,‘Jones’-ing ... B’way,https://nypost.com/2011/06/22/jones-ing-for-bway/
20840,2452,neutral,Chillin’ ... Hamptons,https://nypost.com/2011/01/15/chillin-in-the-hamptons/
20880,27035,neutral,CHUCK ... FIGHT,https://nypost.com/2005/11/17/chuck-slams-sam-vows-alito-fight/
20920,10122,neutral,Pacman ... Sequel,https://www.theatlantic.com/entertainment/archive/2009/06/pacman-the-sequel/18934/
20960,5674,sadness,OPM ... Breach,https://www.theatlantic.com/politics/archive/2015/07/opm-announces-more-than-21-million-affected-by-second-data-breach/458475/
21000,5240,disgust,The ... Discrimination,https://www.theatlantic.com/news/archive/2017/05/supreme-court-miami-fair-housing-lawsuit/525021/
21040,15432,neutral,40 ... Mule,https://www.theatlantic.com/politics/archive/2007/12/40-acres-and-a-mule/47355/
21080,9645,neutral,Benzion ... Netanyahu,https://www.theatlantic.com/international/archive/2012/04/benzion-netanyahu/256504/
21120,26886,disgust,Obama's ... Voters,https://www.theatlantic.com/politics/archive/2011/11/obamas-biggest-opponent-voters/247979/
21160,29385,neutral,ANALYSIS: ... goals,https://www.washingtontimes.com/news/2008/dec/19/bush-plan-seeks-achieve-senate-gops-goals/
21200,44618,neutral,Congressional ... openings,https://www.washingtontimes.com/news/2009/dec/31/congressional-openings/
21240,60861,sadness,State ... pond,https://www.washingtontimes.com/news/2019/apr/2/state-police-1-person-recovered-from-submerged-veh/
21280,7837,sadness,"Eriksson, ... 5-1",https://www.washingtontimes.com/news/2019/jan/13/eriksson-canucks-deal-panthers-6th-straight-loss-5/
21320,110266,fear,Small ... threats,https://www.washingtontimes.com/news/2019/jun/22/small-protest-as-oregon-capitol-closes-for-potenti/
21360,107578,disgust,Harvard ... misbehavior,https://www.washingtontimes.com/news/2019/jun/18/harvard-case-offers-reminder-of-perils-of-online-m/
21400,128208,neutral,Oregon ... patients,https://www.washingtontimes.com/news/2019/jul/24/oregon-removes-assisted-suicide-wait-for-certain-p/
21440,86673,disgust,Teenager ... classmate,https://www.washingtontimes.com/news/2019/may/14/massachusetts-teen-convicted-of-killing-beheading-/
21480,101914,fear,Prosecutor: ... drive-by,https://www.washingtontimes.com/news/2018/jun/5/prosecutor-video-links-suspect-to-fatal-drive-by/
21520,204231,joy,Scheifele ... Devils,https://www.washingtontimes.com/news/2018/dec/1/scheifele-scores-2-including-ot-winner-as-jets-bea/
21560,115430,fear,Footage: ... gunfire,https://www.washingtontimes.com/news/2018/jun/28/police-bodycam-footage-shows-chaotic-festival-shoo/
21600,196607,neutral,Redskins ... rankings,https://www.washingtontimes.com/news/2018/nov/20/redskins-slide-power-rankings-after-alex-smiths-in/
21640,198117,neutral,FIFA's ... CONMEBOL,https://www.washingtontimes.com/news/2018/nov/23/fifas-infantino-gets-election-support-from-conmebo/
21680,10172,neutral,Whose ... anyway?,https://www.washingtontimes.com/news/2001/sep/8/20010908-025305-8314r/
21720,132937,disgust,Kansas ... rifles,https://www.washingtontimes.com/news/2015/may/24/kansas-city-kansas-police-caught-posing-with-rifle/
21760,47907,disgust,SHOW ... ludicrous,https://www.washingtontimes.com/news/2015/feb/22/show-bits-ethan-hawke-says-boyhood-idea-seemed-lud/
21800,166274,neutral,US ... audience,https://www.washingtontimes.com/news/2015/jul/1/us-win-draws-best-mens-or-womens-world-cup-semi-au/
21840,290534,neutral,Water ... parishes,https://www.washingtontimes.com/news/2015/nov/20/water-studies-combined-for-34-louisiana-parishes/
21880,158149,neutral,Last ... eBay,https://www.washingtontimes.com/news/2015/jun/22/last-of-atari-games-to-go-up-for-auction-on-ebay/
21920,192187,neutral,Scratch ... percent,https://www.washingtontimes.com/news/2015/jul/30/scratch-ticket-sales-drive-iowa-lottery-sales-up-3/
21960,685,surprise,Old ... depot,https://www.washingtontimes.com/news/2015/jan/2/old-house-surprise-missing-ashland-depot/
22000,58561,sadness,Passenger: ... up,https://www.washingtontimes.com/news/2015/mar/5/passenger-damage-to-planes-wing-was-brutal/
22040,314150,joy,2 ... jackpot,https://www.washingtontimes.com/news/2014/dec/3/2-fantasy-5-players-win-10234929-jackpot/
22080,58550,sadness,Search ... boaters,https://www.washingtontimes.com/news/2014/mar/11/search-scaled-back-for-2-missing-lake-mead-boaters/
22120,53285,sadness,Rep. ... surgery,https://www.washingtontimes.com/news/2014/mar/5/rep-holland-returns-to-miss-house-after-surgery/
22160,258346,neutral,Indicted ... withdraw,https://www.washingtontimes.com/news/2014/oct/3/indicted-candidate-says-he-wont-withdraw/
22200,73302,neutral,Ex-Goldman ... NY,https://www.washingtontimes.com/news/2014/mar/25/ex-goldman-board-members-conviction-upheld-in-ny/
22240,311720,neutral,Gerrard ... deal,https://www.washingtontimes.com/news/2014/dec/1/gerrard-given-time-to-consider-new-liverpool-deal/
22280,264721,neutral,Cost ... million,https://www.washingtontimes.com/news/2014/oct/10/cost-to-move-e-idaho-airport-put-at-39-million/
22320,84065,sadness,Chicago ... crash,https://www.washingtontimes.com/news/2014/apr/4/chicago-transit-agency-fires-driver-after-crash/
22360,264170,anger,Agency ... November,https://www.washingtontimes.com/news/2016/dec/5/agency-recoups-tens-of-thousands-in-unpaid-wages-i/
22400,7718,disgust,Witness: ... car,https://www.washingtontimes.com/news/2016/jan/11/man-charged-in-virginia-student-slayings-due-in-co/
22440,253734,joy,State ... children,https://www.washingtontimes.com/news/2016/nov/21/state-honors-mother-who-has-fostered-nearly-100-ch/
22480,46463,surprise,More ... convention,https://www.washingtontimes.com/news/2016/feb/25/more-than-200-expected-at-south-dakota-nursing-con/
22520,90068,sadness,Coroner ... rampage,https://www.washingtontimes.com/news/2016/apr/18/coroner-ids-man-shot-by-officer-during-lake-elsino/
22560,210084,neutral,Officials: ... pot,https://www.washingtontimes.com/news/2016/sep/23/officials-panel-looking-into-lawmakers-role-in-med/
22600,170036,sadness,Officials: ... crash,https://www.washingtontimes.com/news/2016/aug/1/officials-1-killed-2-injured-in-miami-watercraft-c/
22640,21546,joy,Albright ... NATO,https://www.washingtontimes.com/news/2002/nov/24/20021124-102206-5510r/
22680,2505,anger,N. ... war,https://www.washingtontimes.com/news/2003/jan/28/20030128-010548-3204r/
22720,44381,fear,Jailing ... system,https://www.washingtontimes.com/news/2017/mar/2/police-indicted-baltimore-officers-1930s-style-gan/
22760,220121,disgust,Sri ... rape,https://www.washingtontimes.com/news/2017/nov/14/sri-lanka-official-denies-allegations-of-torture-r/
22800,181258,joy,Retired ... win,https://www.washingtontimes.com/news/2017/sep/19/retired-marines-bike-trip-leads-to-200k-lottery-wi/
22840,181982,disgust,Massachusetts ... charges,https://www.washingtontimes.com/news/2017/sep/20/massachusetts-man-gets-long-sentence-on-child-porn/
22880,90197,neutral,State ... months,https://www.washingtontimes.com/news/2017/may/5/state-employees-can-take-vacation-days-within-firs/
22920,44331,sadness,Nets ... Kings,https://www.washingtontimes.com/news/2017/mar/2/nets-end-16-game-skid-with-109-100-road-win-over-k/
22960,32651,neutral,SCHILLER: ... trigger,https://www.washingtontimes.com/news/2013/oct/27/schiller-the-feds-taper-trigger/
23000,10331,neutral,Could ... Abe?,https://www.washingtontimes.com/news/2007/may/17/20070517-110907-2094r/
23040,41562,fear,Ryder ... experience,https://www.washingtontimes.com/news/2012/sep/25/ryder-cup-2012-european-team-shy-road-experience/
23080,11877,neutral,AP ... EST,https://www.washingtontimes.com/news/2012/mar/9/ap-top-entertainment-news-at-1030-am-est/
23120,12913,anger,Authorities ... extortion,https://www.washingtontimes.com/news/2010/jul/21/authorities-investigate-gibsons-ex-for-extortion/
23160,28377,sadness,Lions ... foot,https://www.washingtontimes.com/news/2011/aug/3/lions-dt-fairley-has-surgery-on-left-foot/
23200,37,joy,Heroes ... heroes,https://www.washingtontimes.com/news/2005/jan/1/20050101-113838-6158r/
23240,1282,sadness,Trump ... Marrow,https://reason.com/2017/08/07/trump-administration-withdraws-proposed/
